id,node_label,freq0,qc,qd,qi,qf,qdsig,diff,num_replicates,notes,qf_rank,sect
1,QS2,1,1,NA,1,NA,NA,877.659302,1000,,NA,OT
2,QS3,1,1,NA,1,NA,NA,303.913227,1000,,NA,OT
3,QS4,1,1,NA,1,NA,NA,136.619673,185,,NA,OT
4,QS5,1,1,NA,1,NA,NA,793.0703,1000,,NA,OT
5,QS6,1,1,NA,1,NA,NA,205.412895,185,,NA,OT
6,QS7,0.998,0.979185929,0,1,NA,NA,618.312754,1000,,NA,deepNode
7,QS8,0.709,0.335474441,0.316151203,1,NA,NA,161.658872,1000,,NA,deepNode
8,QS9,0.579002079,0.177492117,0.444444444,0.962,NA,NA,1.857936,1000,,NA,deepNode
9,QS10,0.985,0.919919261,0.8,1,NA,NA,407.664449,1000,,NA,CY
10,QS11,1,1,NA,1,NA,NA,664.749268,1000,,NA,CY
11,QS12,0.793244626,0.417208077,0.653465347,0.977,NA,NA,29.982152,1000,,NA,CY
12,QS13,0.492857143,0.300971399,0.067605634,0.956284153,NA,NA,40.321192,732,,NA,CY
13,QS14,0.989130435,0.913495786,0,0.994594595,NA,NA,144.207283,185,,NA,CY
14,QS15,1,1,NA,1,NA,NA,231.848303,549,,NA,CY
15,QS16,0.806584362,0.440040176,0.680851064,0.972,NA,NA,94.952705,1000,,NA,CY
16,QS17,0.976,0.893156641,0.083333333,1,NA,NA,378.90463,1000,,NA,CY
17,QS18,0.437435367,0.044329703,0.702205882,0.967,NA,NA,24.408321,1000,,NA,CY
18,QS19,0.353608247,0.001163805,0.966507177,0.97,NA,NA,21.83097,1000,,NA,CY
19,QS20,0.564908722,0.107698728,0.834498834,0.986,NA,NA,342.495137,1000,,NA,CY
20,QS21,0.450661241,-0.20893283,0.203703704,0.983,NA,NA,150.27526,1000,,NA,CY
21,QS22,0.73374613,0.327280311,0.573643411,0.969,NA,NA,62.757479,1000,,NA,CY
22,QS23,0.694560669,0.349177086,0.200913242,0.979508197,NA,NA,19.331906,732,,NA,CY
23,QS24,0.983783784,0.880367253,0,1,NA,NA,170.210031,185,,NA,CY
24,QS25,0.861682243,0.557558055,0.594594595,0.974499089,NA,NA,15.024664,549,,NA,CY
25,QS26,0.925055928,0.739546389,0.149253731,0.987845304,NA,NA,180.173483,905,,NA,CY
26,QS27,0.502066116,0.054916715,1,0.968,NA,NA,2.912144,1000,,NA,CY
27,QS28,0.465499485,0.040561012,0.836223507,0.971,NA,NA,89.888796,1000,,NA,CY
28,QS29,0.612016293,0.152482199,0.829396325,0.982,NA,NA,36.024207,1000,,NA,CY
29,QS30,0.320162107,-0.038453774,0.652757079,0.987,NA,NA,125.693947,1000,,NA,CY
30,QS31,0.55890411,0.010034708,0,0.991847826,NA,NA,125.362527,368,,NA,CY
31,QS32,0.076086957,-0.724709554,0.011764706,0.994594595,NA,NA,93.377382,185,,NA,CY
32,QS33,0.969849246,0.863142507,0.4,0.995,NA,NA,88.842388,1000,,NA,CY
33,QS34,0.548818088,0.148573685,0.4738041,0.973,NA,NA,79.161781,1000,,NA,CY
34,QS35,0.76417004,0.367258184,0.652360515,0.988,NA,NA,46.974348,1000,,NA,CY
35,QS36,0.420454545,-0.108966176,0.421568627,0.956521739,NA,NA,113.716574,368,,NA,CY
36,QS37,0.232492997,-0.373021775,0.094890511,0.970108696,NA,NA,21.770377,368,,NA,CY
37,QS38,0.790070922,0.424807829,0.5,0.968406593,NA,NA,0.957343,728,,NA,CY
38,QS39,0.373195876,0.007903018,0.871710526,0.97,NA,NA,28.313824,1000,,NA,CY
39,QS40,0.661064426,0.205681466,0.876033058,0.970108696,NA,NA,32.628681,368,,NA,CY
40,QS41,0.9373297,0.764685586,0.260869565,0.997282609,NA,NA,52.578607,368,,NA,CY
41,QS42,0.363173957,0.003103879,0.932907348,0.983,NA,NA,6.244331,1000,,NA,CY
42,QS43,0.456122449,-0.337951413,0.026266417,0.98,NA,NA,69.327623,1000,,NA,CY
43,QS44,0.950549451,0.805077577,0.222222222,0.983783784,NA,NA,64.801835,185,,NA,CY
44,QS45,0.568965517,0.224849062,0.263529412,0.986,NA,NA,159.862331,1000,,NA,CY
45,QS46,0.241573034,-0.202353592,0,0.962162162,NA,NA,11.991537,185,,NA,CY
46,QS47,1,1,NA,1,NA,NA,425.525688,1000,,NA,CY
47,QS48,0.872521246,0.449517111,0,0.95923913,NA,NA,100.053028,368,,NA,CY
48,QS49,1,1,NA,1,NA,NA,273.300329,185,,NA,CY
49,QS50,0.881,0.64113807,0.134453782,1,NA,NA,183.735645,1000,,NA,deepNode
50,QS51,1,1,NA,0.999,NA,NA,984.434094,1000,,NA,IL
51,QS52,0.797775531,0.273645214,0,0.989,NA,NA,20.151534,1000,,NA,IL
52,QS53,0.316649642,-0.358069001,0.050822123,0.979,NA,NA,133.728705,1000,,NA,IL
53,QS54,0.598385469,0.028112797,0,0.991,NA,NA,58.931163,1000,,NA,IL
54,QS55,1,1,NA,1,NA,NA,377.591855,549,,NA,IL
55,QS56,0.991769547,0.931180624,0,0.995901639,NA,NA,70.109697,732,,NA,IL
56,QS57,1,1,NA,1,NA,NA,321.253688,185,,NA,IL
57,QS58,0.819556452,0.523012547,0.167597765,0.992,NA,NA,139.067954,1000,,NA,IL
58,QS59,0.955823293,0.830886736,0.045454545,0.996,NA,NA,47.927005,1000,,NA,IL
59,QS60,0.340782123,-0.074434823,0,0.967567568,NA,NA,46.983235,185,,NA,IL
60,QS61,0.987975952,0.906069098,0,0.998,NA,NA,349.451018,1000,,NA,IL
61,QS62,0.08913649,-0.243591811,0.5382263,0.975543478,NA,NA,2.296243,368,,NA,IL
62,QS63,1,1,NA,1,NA,NA,369.128913,368,,NA,IL
63,QS64,1,1,NA,1,NA,NA,1010.981845,1000,,NA,CE
64,QS65,0.960685484,0.82442049,0.923076923,0.992,NA,NA,182.225956,1000,,NA,CE
65,QS66,0.212765957,-0.394454268,0.092664093,0.987,NA,NA,23.063576,1000,,NA,CE
66,QS67,0.365424431,-0.066029849,0.538336052,0.966,NA,NA,66.132226,1000,,NA,CE
67,QS68,0.788043478,0.254794047,0,1,NA,NA,122.918457,368,,NA,CE
68,QS69,1,1,NA,1,NA,NA,309.635663,185,,NA,CE
69,QS70,0.878024194,0.464986281,0,0.992,NA,NA,892.080462,1000,,NA,CE
70,QS71,0.967032967,0.848997503,0.666666667,0.983783784,NA,NA,2.006797,185,,NA,CE
71,QS72,0.684210526,0.23807965,0.814102564,0.988,NA,NA,59.484994,1000,,NA,deepNode
72,QS73,0.842,0.504539392,0.860759494,1,NA,NA,281.292244,1000,,NA,deepNode
73,QS74,0.866866867,0.585705862,0.360902256,0.999,NA,NA,722.748698,1000,,NA,deepNode
74,QS75,0.805050505,0.462933528,0.393782383,0.99,NA,NA,95.286735,1000,,NA,deepNode
75,QS76,0.814070352,0.478153993,0.4,0.995,NA,NA,81.195931,1000,,NA,QU
76,QS77,0.510769231,0.101409361,0.578616352,0.975,NA,NA,32.525567,1000,,NA,QU
77,QS78,0.523373984,0.108010207,0.584221748,0.984,NA,NA,10.652731,1000,,NA,QU
78,QS79,0.429606625,0.030447462,0.784029038,0.966,NA,NA,147.015018,1000,,NA,QU
79,QS80,0.959758551,0.832632034,0.25,0.994,NA,NA,153.626623,1000,,NA,QU
80,QS81,0.756592292,0.359496266,0.6,0.986,NA,NA,8.52718,1000,,NA,QU
81,QS82,0.490276356,0.048484947,0.939759036,0.977,NA,NA,51.434327,1000,,NA,QU
82,QS83,0.801010101,0.527819658,0.040609137,0.99,NA,NA,94.869941,1000,,NA,QU
83,QS84,0.529636711,0.082106756,0.804878049,0.952641166,NA,NA,217.600208,549,,NA,QU
84,QS85,0.853185596,0.578543172,0.188679245,0.980978261,NA,NA,102.849627,368,,NA,QU
85,QS86,0.138121547,-0.540952526,0.051282051,0.978378378,NA,NA,45.717628,185,,NA,QU
86,QS87,0.577235772,0.179005382,0.432692308,0.984,NA,NA,99.3367,1000,,NA,QU
87,QS88,0.371545548,-0.0319871,0.684039088,0.977,NA,NA,8.633976,1000,,NA,QU
88,QS89,0.657814096,0.219386025,0.644776119,0.979,NA,NA,136.139447,1000,,NA,QU
89,QS90,0.344329897,-0.018384197,0.754716981,0.97,NA,NA,64.777956,1000,,NA,QU
90,QS91,0.318681319,-0.097058328,0,0.983783784,NA,NA,34.022687,185,,NA,QU
91,QS92,0.525076766,0.139042843,0.452586207,0.977,NA,NA,44.760729,1000,,NA,QU
92,QS93,0.628571429,0.216867609,0.461538462,0.951086957,NA,NA,35.890942,368,,NA,QU
93,QS94,0.712290503,0.293585606,0.601941748,0.972826087,NA,NA,8.90462,368,,NA,QU
94,QS95,0.321649485,-0.001205851,0.945288754,0.97,NA,NA,81.746468,1000,,NA,QU
95,QS96,0.749745677,0.33301816,0.837398374,0.983,NA,NA,176.339731,1000,,NA,QU
96,QS97,0.994594595,0.951512593,0,1,NA,NA,23.973172,185,,NA,QU
97,QS98,0.544707091,0.260504868,0.153498871,0.973,NA,NA,21.183385,1000,,NA,QU
98,QS99,0.961325967,0.763820703,0,0.978378378,NA,NA,112.716153,185,,NA,QU
99,QS100,0.844758065,0.537373373,0.38961039,0.992,NA,NA,158.692863,1000,,NA,QU
100,QS101,0.076765609,-0.23370222,0.618625277,0.977,NA,NA,1.137786,1000,,NA,QU
101,QS102,0.091093117,-0.306546688,0.40311804,0.988,NA,NA,10.374557,1000,,NA,QU
102,QS103,0.383301708,-0.35684459,0.024615385,0.95992714,NA,NA,27.162611,549,,NA,QU
103,QS104,0.944751381,0.770634222,1,0.989071038,NA,NA,76.031177,732,,NA,QU
104,QS105,0.161111111,-0.363038929,0,0.972972973,NA,NA,14.689598,185,,NA,QU
105,QS106,0.939597315,0.75565712,0.777777778,0.987845304,NA,NA,14.447313,905,,NA,QU
106,QS107,0.448834853,0.026762729,0.948529412,0.987,NA,NA,292.293787,1000,,NA,QU
107,QS108,0.804259635,0.439510279,0.621761658,0.986,NA,NA,911.148892,1000,,NA,QU
108,QS109,0.55624355,0.117955139,0.665116279,0.969,NA,NA,71.131169,1000,,NA,QU
109,QS110,0.962162162,0.767710621,0,1,NA,NA,89.31239,185,,NA,QU
110,QS111,0.524489796,0.211199103,0.240343348,0.98,NA,NA,79.856208,1000,,NA,QU
111,QS112,0.819672131,0.532938972,0.121212121,0.989189189,NA,NA,55.350221,185,,NA,QU
112,QS113,0.27693857,-0.414644469,0.027855153,0.993,NA,NA,24.410662,1000,,NA,QU
113,QS114,0.818090452,0.49543302,0.320441989,0.995,NA,NA,207.079952,1000,,NA,QU
114,QS115,1,1,NA,1,NA,NA,341.198537,1000,,NA,QU
115,QS116,0.165745856,-0.334577275,0.21192053,0.978378378,NA,NA,50.230351,185,,NA,QU
116,QS117,0.049395161,-0.698932552,0.063626723,0.992,NA,NA,243.867053,1000,,NA,QU
117,QS118,0.375255624,-0.257762754,0.134206219,0.978,NA,NA,2.235348,1000,,NA,QU
118,QS119,0.911854103,0.675288845,0.75862069,0.987,NA,NA,48.027046,1000,,NA,QU
119,QS120,1,1,NA,1,NA,NA,746.982683,368,,NA,QU
120,QS121,0.956521739,0.741981331,0,0.994594595,NA,NA,55.540316,185,,NA,QU
121,QS122,0.064615385,-0.310542359,0.484649123,0.975,NA,NA,108.176452,1000,,NA,QU
122,QS123,0.281186094,-0.014222395,0.839260313,0.978,NA,NA,67.689367,1000,,NA,QU
123,QS124,0.991825613,0.931568479,0,0.997282609,NA,NA,361.880247,368,,NA,QU
124,QS125,0.611111111,0.282318621,0.185714286,0.97826087,NA,NA,21.232588,368,,NA,QU
125,QS126,0.871097684,0.590981951,0.40625,0.993,NA,NA,88.625476,1000,,NA,QU
126,QS127,0.522727273,0.001490901,0,0.951351351,NA,NA,7.598442,185,,NA,QU
127,QS128,0.977,0.886806714,0.695652174,1,NA,NA,261.564817,1000,,NA,QU
128,QS129,0.488888889,-0.00035625,0,0.972972973,NA,NA,4.42206,185,,NA,QU
129,QS130,0.593202884,0.137372353,0.779746835,0.971,NA,NA,159.109617,1000,,NA,QU
130,QS131,0.978378378,0.894008654,0.5,1,NA,NA,154.526831,185,,NA,QU
131,QS132,1,1,NA,1,NA,NA,719.997428,1000,,NA,VI
132,QS133,0.916330645,0.714030279,0.192771084,0.992,NA,NA,25.570199,1000,,NA,PO
133,QS134,0.736736737,0.322560176,0.669201521,0.999,NA,NA,187.502826,1000,,NA,PR
134,QS135,0.398907104,-0.359472577,0.018181818,0.994565217,NA,NA,380.96802,368,,NA,PR
135,QS136,0.783783784,0.246802009,0,1,NA,NA,614.357697,185,,NA,PR
136,QS137,1,1,NA,1,NA,NA,1074.692116,1000,,NA,LO
137,QS138,0.78,0.489106207,0.072727273,1,NA,NA,584.647332,1000,,NA,LO
138,QS139,0.784708249,0.469295402,0.168224299,0.994,NA,NA,36.588822,1000,,NA,LO
139,QS140,0.793068298,0.428727535,0.512315271,0.981,NA,NA,117.313365,1000,,NA,LO
140,QS141,0.480730223,0.04582598,0.875,0.986,NA,NA,7.605809,1000,,NA,LO
141,QS142,0.387129724,-0.317296626,0.06,0.979,NA,NA,135.641068,1000,,NA,LO
142,QS143,0.087431694,-0.713128404,0.005988024,0.994565217,NA,NA,95.271293,368,,NA,LO
143,QS144,0.698863636,0.399050206,0.075471698,0.956521739,NA,NA,132.608496,368,,NA,LO
144,QS145,0.525406504,0.322049247,0.047109208,0.984,NA,NA,139.749849,1000,,NA,LO
145,QS146,0.021621622,-0.84954884,0,1,NA,NA,202.208885,185,,NA,LO
146,QS147,0.972891566,0.876285772,0.296296296,0.996,NA,NA,92.228177,1000,,NA,LO
147,QS148,0.467346939,0.07772846,0.586206897,0.98,NA,NA,71.9196,1000,,NA,LO
148,QS149,0.974874372,0.877480717,0.88,0.995,NA,NA,130.698026,1000,,NA,LO
149,QS150,0.095820591,-0.24346941,0.514092446,0.981,NA,NA,123.405906,1000,,NA,LO
150,QS151,0.623721881,0.188321551,0.597826087,0.978,NA,NA,152.379227,1000,,NA,LO
151,QS152,0.276180698,-0.014814233,0.845390071,0.974,NA,NA,71.112165,1000,,NA,LO
152,QS153,0.291752577,-0.008569027,0.876273654,0.97,NA,NA,20.597974,1000,,NA,LO
153,QS154,0.659114315,0.207297074,0.797583082,0.971,NA,NA,69.914711,1000,,NA,LO
154,QS155,0.774285714,0.377481444,0.759493671,0.951086957,NA,NA,53.754027,368,,NA,LO
155,QS156,0.353448276,-0.041824606,0.631111111,0.945652174,NA,NA,0.34814,368,,NA,LO
156,QS157,0.301455301,-0.002931097,0.949404762,0.962,NA,NA,5.037909,1000,,NA,LO
157,QS158,0.961852861,0.766268577,0,0.997282609,NA,NA,160.35542,368,,NA,LO
158,QS159,0.652661064,0.290604619,0.258064516,0.970108696,NA,NA,45.765813,368,,NA,LO
159,QS160,0.180041152,-0.054165889,0.95859473,0.972,NA,NA,64.206489,1000,,NA,LO
160,QS161,0.529290853,0.08479179,0.772925764,0.973,NA,NA,13.656264,1000,,NA,LO
161,QS162,0.513931889,0.134669728,0.445859873,0.969,NA,NA,75.175271,1000,,NA,LO
162,QS163,0.369444444,-0.289143535,0.0969163,0.97826087,NA,NA,36.263172,368,,NA,LO
163,QS164,0.964480874,0.778643932,0,0.994565217,NA,NA,113.922846,368,,NA,LO
164,QS165,0.23946557,-0.026502208,0.854054054,0.973,NA,NA,24.527116,1000,,NA,LO
165,QS166,0.698770492,0.257279153,0.823129252,0.976,NA,NA,64.734325,1000,,NA,LO
166,QS167,0.4906639,0.075232559,0.6598778,0.964,NA,NA,5.038466,1000,,NA,LO
167,QS168,0.814404432,0.525087534,0.119402985,0.980978261,NA,NA,71.73269,368,,NA,LO
168,QS169,0.522222222,0.001425353,0,0.972972973,NA,NA,12.312384,185,,NA,LO
169,QS170,0.150368034,-0.126007497,0.653465347,0.951,NA,NA,57.55782,1000,,NA,LO
170,QS171,0.635808749,0.20671828,0.558659218,0.983,NA,NA,12.956248,1000,,NA,LO
171,QS172,0.361767729,-0.057984444,0.566827697,0.973,NA,NA,55.775483,1000,,NA,LO
172,QS173,0.798342541,0.42618367,0.657534247,0.983695652,NA,NA,188.316625,368,,NA,LO
173,QS174,0.391780822,-0.37459883,0.009009009,0.991847826,NA,NA,123.435169,368,,NA,LO
174,QS175,0.730142566,0.369919318,0.279245283,0.982,NA,NA,14.410187,1000,,NA,LO
175,QS176,0.106508876,-0.129718968,0.927152318,0.913513514,NA,NA,34.635339,185,,NA,LO
176,QS177,0.742502585,0.400331366,0.21686747,0.967,NA,NA,178.930319,1000,,NA,LO
177,QS178,0.782564103,0.468094365,0.160377358,0.975,NA,NA,94.692089,1000,,NA,LO
178,QS179,0.906593407,0.658722005,0.941176471,0.983783784,NA,NA,97.982159,185,,NA,LO
179,QS180,0.289662231,-0.211753974,0.244956772,0.977,NA,NA,174.336338,1000,,NA,LO
180,QS181,0.155722326,-0.10928569,0.697777778,0.970856102,NA,NA,18.969781,549,,NA,LO
181,QS182,0.767955801,0.218442184,0,0.983695652,NA,NA,21.176623,368,,NA,LO
182,QS183,0.474860335,0.041605024,0.893617021,0.967567568,NA,NA,22.379357,185,,NA,LO
183,QS184,0.940763052,0.766887197,0.440677966,0.996,NA,NA,92.450611,1000,,NA,LO
184,QS185,1,1,NA,1,NA,NA,480.298675,1000,,NA,OT
185,QS186,1,1,NA,1,NA,NA,88.619064,185,,NA,OT
186,CEacutissima_trans_A,NA,NA,NA,NA,0.657668232,NA,NA,2556,,NA,CE
187,CEafares_P005_WC11_A,NA,NA,NA,NA,0.681985294,NA,NA,2720,,NA,CE
188,CEcastaneifolia_P002_WC06_A,NA,NA,NA,NA,0.684001445,NA,NA,2769,,NA,CE
189,CEcerris_trans_A,NA,NA,NA,NA,0.655061019,NA,NA,2786,,NA,CE
190,CEithaburensis_P002_WE12_A,NA,NA,NA,NA,0.775392502,NA,NA,3121,,NA,CE
191,CElibani_P004_WD10_A,NA,NA,NA,NA,0.709557686,NA,NA,3233,,NA,CE
192,CEsuber_ref,NA,NA,NA,NA,0.628624306,NA,NA,3242,,NA,CE
193,CEtrojana_P002_WF07_A,NA,NA,NA,NA,0.762436224,NA,NA,3136,,NA,CE
194,CEvariabilis_trans_A,NA,NA,NA,NA,0.677083333,NA,NA,2592,,NA,CE
195,CPcalathiformis_trans,NA,NA,NA,NA,0.859855335,NA,NA,3318,,NA,OT
196,CPdelavayi_trans,NA,NA,NA,NA,0.844404332,NA,NA,2770,,NA,OT
197,CPorthacantha_trans,NA,NA,NA,NA,0.839413448,NA,NA,2796,,NA,OT
198,CThenryi_trans,NA,NA,NA,NA,0.83006993,NA,NA,2860,,NA,OT
199,CTpumila_trans,NA,NA,NA,NA,0.863157895,NA,NA,3325,,NA,OT
200,CTsativa_trans,NA,NA,NA,NA,0.846264368,NA,NA,2784,,NA,OT
201,CYasymmetrica_P014_WG01_A,NA,NA,NA,NA,0.636859324,NA,NA,2751,,NA,CY
202,CYaugustinii_P010_WE11_A,NA,NA,NA,NA,0.820425944,NA,NA,2066,,NA,CY
203,CYaustrocochinchinensis_P001_WB05_A,NA,NA,NA,NA,0.79981378,NA,NA,2148,,NA,CY
204,CYchapensis_P010_WE04_A,NA,NA,NA,NA,0.552238806,NA,NA,3283,,NA,CY
205,CYchevalieri_P003_WE03_A,NA,NA,NA,NA,0.831445993,NA,NA,2296,,NA,CY
206,CYchrysotricha_P017_WB09_A,NA,NA,NA,NA,0.487593541,NA,NA,2539,,top10,CY
207,CYchungii_P010_WC03_A,NA,NA,NA,NA,0.77486535,NA,NA,2785,,NA,CY
208,CYdaimingshanensis_P003_WE02_A,NA,NA,NA,NA,0.555555556,NA,NA,3141,,NA,CY
209,CYdisciformis_P001_WH01_A,NA,NA,NA,NA,0.483451902,NA,NA,3233,,top10,CY
210,CYhondae_P005_WD07_A,NA,NA,NA,NA,0.611418048,NA,NA,2715,,NA,CY
211,CYhypargyrea_P010_WE06_ANP,NA,NA,NA,NA,0.705811863,NA,NA,3338,,NA,CY
212,CYhypophaea_P004_WF06_A,NA,NA,NA,NA,0.774478614,NA,NA,2829,,NA,CY
213,CYkinabaluensis_P002_WF02_A,NA,NA,NA,NA,0.569279493,NA,NA,2526,,NA,CY
214,CYkouangsiensis_P001_WE08_A,NA,NA,NA,NA,0.580733111,NA,NA,3301,,NA,CY
215,CYlobbii_P004_WD03_A,NA,NA,NA,NA,0.552795031,NA,NA,2737,,NA,CY
216,CYlonginux_F003_WC07_A,NA,NA,NA,NA,0.67472654,NA,NA,3474,,NA,CY
217,CYmeihuashanensis_P001_WE09_SNU,NA,NA,NA,NA,0.554310613,NA,NA,3213,,NA,CY
218,CYmerrillii_P005_WD01_A,NA,NA,NA,NA,0.643231114,NA,NA,2674,,NA,CY
219,CYmespilifolia_P005_WG09_A,NA,NA,NA,NA,0.612942613,NA,NA,3276,,NA,CY
220,CYmorii_P010_WB12_A,NA,NA,NA,NA,0.60058309,NA,NA,2744,,NA,CY
221,CYoidocarpa_P005_WB02_A,NA,NA,NA,NA,0.59621802,NA,NA,2697,,NA,CY
222,CYpachyloma_P005_WG08_A,NA,NA,NA,NA,0.685508451,NA,NA,3609,,NA,CY
223,CYpentacycla_P001_WE11_A,NA,NA,NA,NA,0.697813717,NA,NA,3339,,NA,CY
224,CYpercoriacea_P005_WB03_A,NA,NA,NA,NA,0.595744681,NA,NA,2679,,NA,CY
225,CYphanera_P010_WC01_A,NA,NA,NA,NA,0.671947005,NA,NA,3472,,NA,CY
226,CYpinbianensis_P001_WE12_SNS,NA,NA,NA,NA,0.840909091,NA,NA,2772,,NA,CY
227,CYrex_P001_WD08_A,NA,NA,NA,NA,0.714539007,NA,NA,2820,,NA,CY
228,CYsalicina_P011_WF11_A,NA,NA,NA,NA,0.670773021,NA,NA,3247,,NA,CY
229,CYschottkyana_trans_A,NA,NA,NA,NA,0.52554298,NA,NA,3269,,NA,CY
230,CYsemiserratoides_P011_WH02_A,NA,NA,NA,NA,0.581616969,NA,NA,3253,,NA,CY
231,CYsichourensis_P001_WE10_A,NA,NA,NA,NA,0.818865559,NA,NA,3191,,NA,CY
232,CYstenophylloides_P008_WA02_A,NA,NA,NA,NA,0.70074224,NA,NA,2964,,NA,CY
233,CYthomsoniana_P005_WB01_A,NA,NA,NA,NA,0.642494561,NA,NA,2758,,NA,CY
234,CYthorelii_P001_WD06_A,NA,NA,NA,NA,0.757959184,NA,NA,2450,,NA,CY
235,CYtiaoloshanica_P001_WD07_A,NA,NA,NA,NA,0.568807339,NA,NA,3270,,NA,CY
236,CYxanthoclada_P002_WF03_A,NA,NA,NA,NA,0.660474421,NA,NA,3499,,NA,CY
237,CYxanthotricha_P017_WB06_A,NA,NA,NA,NA,0.483253589,NA,NA,3135,,top5,CY
238,ILacrodonta_P005_WD08_A,NA,NA,NA,NA,0.758952255,NA,NA,3016,,NA,IL
239,ILbaloot_P001_WD05_A,NA,NA,NA,NA,0.821523179,NA,NA,3020,,NA,IL
240,ILfimbriata_P019_WG03_HN,NA,NA,NA,NA,0.699832496,NA,NA,2985,,NA,IL
241,ILfloribunda_P004_WC09_A,NA,NA,NA,NA,0.779516842,NA,NA,2939,,NA,IL
242,ILgracilis_P010_WF01_SNP,NA,NA,NA,NA,0.669959326,NA,NA,3442,,NA,CY
243,ILhandeliana_P001_WG10_SNS,NA,NA,NA,NA,0.821405121,NA,NA,3046,,NA,IL
244,ILilex_P009_WD07_A,NA,NA,NA,NA,0.705027933,NA,NA,2685,,NA,IL
245,ILkongshanensis_P001_WG09_SNP,NA,NA,NA,NA,0.796634443,NA,NA,2793,,NA,IL
246,ILlanata_P011_WB01_A,NA,NA,NA,NA,0.777822581,NA,NA,2480,,NA,CY
247,ILlongispica_P009_WC12_SNP,NA,NA,NA,NA,0.70487395,NA,NA,2975,,NA,IL
248,ILmarlipoensis_P003_WE07_SNP,NA,NA,NA,NA,0.805421687,NA,NA,3320,,NA,IL
249,ILpseudosemecarpifolia_P005_WG10_SNP,NA,NA,NA,NA,0.756653992,NA,NA,3156,,NA,IL
250,ILrotundifolia_P010_WB09_SNS,NA,NA,NA,NA,0.71616396,NA,NA,2586,,NA,IL
251,ILspinosa_P011_WF10_A,NA,NA,NA,NA,0.767711172,NA,NA,2936,,NA,IL
252,ILtungmaiensis_P003_WE04_SNS,NA,NA,NA,NA,0.745252598,NA,NA,2791,,NA,IL
253,ILyiwuensis_P003_WE05_HN,NA,NA,NA,NA,0.615360102,NA,NA,3138,,NA,IL
254,LOacerifolia_P011_WH03_A,NA,NA,NA,NA,0.769151139,NA,NA,2898,,NA,LO
255,LOacherdophylla_P009_WD01_A,NA,NA,NA,NA,0.550624133,NA,NA,2884,,NA,LO
256,LOacutifolia_F002_WG09_A,NA,NA,NA,NA,0.575921542,NA,NA,2957,,NA,LO
257,LOarkansana_trans_A,NA,NA,NA,NA,0.442766854,NA,NA,2848,,top5,LO
258,LObenthamii_trans_A,NA,NA,NA,NA,0.727911647,NA,NA,2988,,NA,LO
259,LObuckleyi_P026_WB11_A,NA,NA,NA,NA,0.783537653,NA,NA,2855,,NA,LO
260,LOcoahuilensis_P022_WH05_A,NA,NA,NA,NA,0.517806935,NA,NA,2134,,top20,LO
261,LOduratifolia_P009_WG09_SS,NA,NA,NA,NA,0.487925516,NA,NA,3437,,top10,LO
262,LOellipsoidalis_trans_A,NA,NA,NA,NA,0.513700891,NA,NA,3029,,top20,LO
263,LOemoryi_F001_WC12_A,NA,NA,NA,NA,0.626678216,NA,NA,2309,,NA,LO
264,LOeugeniifolia_P012_WC09_SP,NA,NA,NA,NA,0.516117605,NA,NA,2823,,top20,LO
265,LOfalcata_trans_A,NA,NA,NA,NA,0.625704225,NA,NA,2840,,NA,LO
266,LOfloccosa_P022_WH04_A,NA,NA,NA,NA,0.509893993,NA,NA,2830,,top20,LO
267,LOfurfuracea_P012_WD01_A,NA,NA,NA,NA,0.57971464,NA,NA,3224,,NA,LO
268,LOgaleanensis_P012_WC12_A,NA,NA,NA,NA,0.560880829,NA,NA,3088,,NA,LO
269,LOgraciliformis_P012_WB07_SP,NA,NA,NA,NA,0.533149171,NA,NA,2896,,NA,LO
270,LOgracilior_P011_WG09_A,NA,NA,NA,NA,0.562695925,NA,NA,3190,,NA,LO
271,LOgrahamii_P011_WC11_A,NA,NA,NA,NA,0.555163906,NA,NA,2837,,NA,LO
272,LOgulielmi_treleasei_P009_WD06_A,NA,NA,NA,NA,0.562793265,NA,NA,3623,,NA,LO
273,LOhintoniorum_P004_WD12_A,NA,NA,NA,NA,0.489995347,NA,NA,2149,,top10,LO
274,LOhumboldtii_P004_WD04_A,NA,NA,NA,NA,0.521052632,NA,NA,3420,,top20,LO
275,LOimbricaria_trans_A,NA,NA,NA,NA,0.575986842,NA,NA,3040,,NA,LO
276,LOknoblochii_P022_WG07_HN,NA,NA,NA,NA,0.569872958,NA,NA,2755,,NA,LO
277,LOmarilandica_trans_A,NA,NA,NA,NA,0.534136546,NA,NA,2988,,NA,LO
278,LOmexicana_F001_WD02_A,NA,NA,NA,NA,0.382222222,NA,NA,2925,,top5,LO
279,LOmiquihuanensis_P002_WD01_A,NA,NA,NA,NA,0.565047702,NA,NA,2306,,NA,LO
280,LOnigra_trans_A,NA,NA,NA,NA,0.553369112,NA,NA,3354,,NA,LO
281,LOnixoniana_P011_WE11_A,NA,NA,NA,NA,0.555686159,NA,NA,3403,,NA,LO
282,LOpalustris_trans_A,NA,NA,NA,NA,0.731611638,NA,NA,3059,,NA,LO
283,LOpaxtalensis_P009_WG08_SNP,NA,NA,NA,NA,0.508537491,NA,NA,2694,,top20,LO
284,LOphellos_trans_A,NA,NA,NA,NA,0.593243243,NA,NA,2960,,NA,LO
285,LOpinnativenulosa_P009_WB07_A,NA,NA,NA,NA,0.490626247,NA,NA,2507,,top10,LO
286,LOradiata_P011_WE09_A,NA,NA,NA,NA,0.568005638,NA,NA,2838,,NA,LO
287,LOrapurahuensis_P011_WG12_SS,NA,NA,NA,NA,0.530453698,NA,NA,3218,,NA,LO
288,LOrugulosa_P003_WG04_SS,NA,NA,NA,NA,0.527737752,NA,NA,2776,,NA,LO
289,LOsalicifolia_F001_WD01_A,NA,NA,NA,NA,0.537806177,NA,NA,2817,,NA,LO
290,LOsartorii_P009_WG10_ANP,NA,NA,NA,NA,0.536471434,NA,NA,2783,,NA,LO
291,LOshumardii_trans_A,NA,NA,NA,NA,0.746461151,NA,NA,3179,,NA,LO
292,LOtardifolia_P011_WG06_A,NA,NA,NA,NA,0.587225275,NA,NA,2912,,NA,LO
293,LOtonduzii_P017_WB02_ANP,NA,NA,NA,NA,0.579935465,NA,NA,3409,,NA,LO
294,LOtridens_P004_WE06_SS,NA,NA,NA,NA,0.646010187,NA,NA,2356,,NA,LO
295,LOtrinitatis_P006_WH05_SP,NA,NA,NA,NA,0.571891892,NA,NA,2775,,NA,LO
296,LOtristis_P009_WG12_SP,NA,NA,NA,NA,0.502268761,NA,NA,2865,,top20,LO
297,LOuxoris_P010_WE08_A,NA,NA,NA,NA,0.478812416,NA,NA,3705,,top5,LO
298,LOvelutina_trans_A,NA,NA,NA,NA,0.731610942,NA,NA,3290,,NA,LO
299,LOvexans_P028_WF04_SP,NA,NA,NA,NA,0.514208794,NA,NA,3343,,top20,LO
300,LPannamensis_P001_WB08,NA,NA,NA,NA,0.839616175,NA,NA,2918,,NA,OT
301,LPcraibianus_P001_WB11,NA,NA,NA,NA,0.815996503,NA,NA,2288,,NA,OT
302,LPhenryi_P020_WA08,NA,NA,NA,NA,0.815857886,NA,NA,2308,,NA,OT
303,NNcarmenensis_P026_WC01_A,NA,NA,NA,NA,0.569847856,NA,NA,2892,,NA,QU
304,NNflocculenta_P018_WA07_A,NA,NA,NA,NA,0.654482759,NA,NA,2900,,NA,LO
305,NNhinckleyi_P010_WC07_A,NA,NA,NA,NA,0.528296383,NA,NA,3428,,NA,QU
306,NNliaoi_P002_WF06_A,NA,NA,NA,NA,0.722427087,NA,NA,2983,,NA,CY
307,NNlowilliamsii_P017_WB01_SP,NA,NA,NA,NA,0.567181926,NA,NA,3364,,NA,LO
308,NNmichauxii_trans_A,NA,NA,NA,NA,0.558327933,NA,NA,3086,,NA,QU
309,NNmiyagii_P004_WE12_A,NA,NA,NA,NA,0.535453216,NA,NA,2736,,NA,CY
310,NNmulleri_P017_WA12_SNS,NA,NA,NA,NA,0.57210488,NA,NA,2746,,NA,LO
311,NNsanchezcolinii_P003_WG03_AHN,NA,NA,NA,NA,0.588761964,NA,NA,3239,,NA,QU
312,NNtinkhamii_P003_WG02_A,NA,NA,NA,NA,0.537485242,NA,NA,3388,,NA,QU
313,NNwelshii_P002_WD02_A,NA,NA,NA,NA,0.627604167,NA,NA,3072,,NA,QU
314,POpontica_P002_WC09_A,NA,NA,NA,NA,0.797610682,NA,NA,2846,,NA,PO
315,POsadleriana_P009_WD05_A,NA,NA,NA,NA,0.817170664,NA,NA,2877,,NA,PO
316,PRcedrosensis_trans_A,NA,NA,NA,NA,0.613109906,NA,NA,2029,,NA,PR
317,PRchrysolepis_trans_A,NA,NA,NA,NA,0.6705,NA,NA,2000,,NA,PR
318,PRpalmeri_P002_WC12_A,NA,NA,NA,NA,0.702008929,NA,NA,2688,,NA,PR
319,PRvaccinifolia_P005_WB06_A,NA,NA,NA,NA,0.737030411,NA,NA,2236,,NA,PR
320,QUajoensis_P011_WH01_A,NA,NA,NA,NA,0.475495916,NA,NA,3428,,top5,QU
321,QUalba_trans_A,NA,NA,NA,NA,0.545752706,NA,NA,3049,,NA,QU
322,QUaliena_trans_A,NA,NA,NA,NA,0.619219944,NA,NA,2487,,NA,QU
323,QUalveolata_P009_WG11_SP,NA,NA,NA,NA,0.592751236,NA,NA,3035,,NA,QU
324,QUbicolor_trans_A,NA,NA,NA,NA,0.625287356,NA,NA,2610,,NA,QU
325,QUboyntonii_trans_A,NA,NA,NA,NA,0.587927318,NA,NA,3247,,NA,QU
326,QUcanariensis_P002_WC10_A,NA,NA,NA,NA,0.635676016,NA,NA,3173,,NA,QU
327,QUcentralis_P011_WE01_SP,NA,NA,NA,NA,0.629901179,NA,NA,3137,,NA,QU
328,QUcongesta_P017_WB04_A,NA,NA,NA,NA,0.551955307,NA,NA,2685,,NA,QU
329,QUcorrugata_P009_WF07_SP,NA,NA,NA,NA,0.60765391,NA,NA,3005,,NA,QU
330,QUdentata_trans_A,NA,NA,NA,NA,0.693128753,NA,NA,2998,,NA,QU
331,QUdouglasii_P004_WD11_A,NA,NA,NA,NA,0.691130122,NA,NA,2221,,NA,QU
332,QUdumosa_P010_WC12_A,NA,NA,NA,NA,0.648599819,NA,NA,2214,,NA,QU
333,QUexcelsa_P010_WE07_SP,NA,NA,NA,NA,0.629801325,NA,NA,3020,,NA,QU
334,QUfrainetto_trans_A,NA,NA,NA,NA,0.576524741,NA,NA,2607,,NA,QU
335,QUgambelii_P010_WC11_A,NA,NA,NA,NA,0.732301613,NA,NA,3037,,NA,QU
336,QUgarryana_trans_A,NA,NA,NA,NA,0.49751089,NA,NA,3214,,top20,QU
337,QUgreggii_trans_A,NA,NA,NA,NA,0.555315204,NA,NA,3236,,NA,QU
338,QUhartwissiana_P002_WC08_A,NA,NA,NA,NA,0.58571974,NA,NA,2619,,NA,QU
339,QUhavardii_P010_WE01_A,NA,NA,NA,NA,0.674744415,NA,NA,2641,,NA,QU
340,QUinfectoria_trans_A,NA,NA,NA,NA,0.576367781,NA,NA,2632,,NA,QU
341,QUlaceyi_P011_WF09_A,NA,NA,NA,NA,0.568655438,NA,NA,3503,,NA,QU
342,QUlobata_P010_WE03_A,NA,NA,NA,NA,0.654398233,NA,NA,2717,,NA,QU
343,QUlusitanica_P017_WB10_SNU,NA,NA,NA,NA,0.647676162,NA,NA,2668,,NA,QU
344,QUlyrata_trans_A,NA,NA,NA,NA,0.619175972,NA,NA,2597,,NA,QU
345,QUmacrocarpa_trans_A,NA,NA,NA,NA,0.644128114,NA,NA,2810,,NA,QU
346,QUmargarettae_P019_WE01_SNS,NA,NA,NA,NA,0.57161402,NA,NA,2311,,NA,QU
347,QUmartinezii_P011_WF12_A,NA,NA,NA,NA,0.597297297,NA,NA,2960,,NA,QU
348,QUmontana_trans_A,NA,NA,NA,NA,0.595385481,NA,NA,3554,,NA,QU
349,QUmuehlenbergii_trans_A,NA,NA,NA,NA,0.668870192,NA,NA,3328,,NA,QU
350,QUoglethorpensis_P008_WF03_A,NA,NA,NA,NA,0.63536379,NA,NA,2364,,NA,QU
351,QUoocarpa_P009_WH03_A,NA,NA,NA,NA,0.64500165,NA,NA,3031,,NA,QU
352,QUopaca_P022_WG04_A,NA,NA,NA,NA,0.534883721,NA,NA,3354,,NA,QU
353,QUpauciloba_P019_WD01_SHP,NA,NA,NA,NA,0.730563003,NA,NA,2984,,NA,QU
354,QUperpallida_P009_WB08_A,NA,NA,NA,NA,0.552870091,NA,NA,2979,,NA,QU
355,QUpetraea_trans_A,NA,NA,NA,NA,0.638625205,NA,NA,3055,,NA,QU
356,QUpilicaulis_P017_WB03_SP,NA,NA,NA,NA,0.595848948,NA,NA,3469,,NA,QU
357,QUprinoides_P008_WF02_A,NA,NA,NA,NA,0.525876461,NA,NA,2995,,NA,QU
358,QUprinopsis_P003_WG05_SP,NA,NA,NA,NA,0.550619835,NA,NA,2904,,NA,QU
359,QUpubescens_P011_WF08_A,NA,NA,NA,NA,0.627899587,NA,NA,3147,,NA,QU
360,QUpyrenaica_P009_WB11_A,NA,NA,NA,NA,0.620493359,NA,NA,2635,,NA,QU
361,QUrobur_ref,NA,NA,NA,NA,0.585658663,NA,NA,3082,,NA,QU
362,QUschenkiana_P004_WE05_SP,NA,NA,NA,NA,0.516365861,NA,NA,3269,,top20,QU
363,QUserrata_trans_A,NA,NA,NA,NA,0.610237807,NA,NA,2481,,NA,QU
364,QUsimilis_P009_WD03_A,NA,NA,NA,NA,0.641158668,NA,NA,2313,,NA,QU
365,QUsinuata_P002_WD03_A,NA,NA,NA,NA,0.65805169,NA,NA,3018,,NA,QU
366,QUstellata_trans_A,NA,NA,NA,NA,0.57230959,NA,NA,3243,,NA,QU
367,QUtoxicodendrifolia_P010_WD05_ANP,NA,NA,NA,NA,0.63649635,NA,NA,3425,,NA,QU
368,QUtransmontana_P010_WB11_SP,NA,NA,NA,NA,0.555555556,NA,NA,3123,,NA,QU
369,QUvaseyana_P002_WC11_A,NA,NA,NA,NA,0.560315284,NA,NA,2918,,NA,QU
370,QUverde_P028_WF03_A,NA,NA,NA,NA,0.602776939,NA,NA,3313,,NA,QU
371,TRdoichangensis_trans,NA,NA,NA,NA,0.856840194,NA,NA,3304,,NA,OT
372,VIbrandegeei_P005_WG07_A,NA,NA,NA,NA,0.852743363,NA,NA,2825,,NA,VI
373,VIvirginiana_trans_A,NA,NA,NA,NA,0.792203272,NA,NA,2873,,NA,VI
